TU,Prom_TU,Genes_TU,Bnb_TU,ECKnb_TU,Ess_ECKnb_TU,Ess_Gene_TU,Bnb_Promlib,Gene_Promlib
accBC,accBp2,accC;accB,b3256;b3255,ECK3243;ECK3242,ECK3243;ECK3242,accC;accB,b3255,accB
accBC,accBp1,accB;accC,b3255;b3256,ECK3242;ECK3243,ECK3242;ECK3243,accC;accB,b3255,accB
acpP,acpPp,acpP,b1094,ECK1080,ECK1080,acpP,b1094,acpP
acpP-fabF,acpPp,fabF;acpP,b1095;b1094,ECK1081;ECK1080,ECK1080,acpP,b1095;b1094,fabF;acpP
adk,adkp,adk,b0474,ECK0468,ECK0468,adk,b0474,adk
aroKB-damX-dam-rpe-gph-trpS,aroKp1,trpS;gph;rpe;dam;damX;aroB;aroK,b3384;b3385;b3386;b3387;b3388;b3389;b3390,ECK3371;ECK3372;ECK3373;ECK3374;ECK3375;ECK3376;ECK3377,ECK3371,trpS,b3386;b3387;b3388;b3390,aroK;damX;rpe;dam
aroKB-damX-dam-rpe-gph-trpS,aroKp2,trpS;gph;rpe;dam;damX;aroB;aroK,b3384;b3385;b3386;b3387;b3388;b3389;b3390,ECK3371;ECK3372;ECK3373;ECK3374;ECK3375;ECK3376;ECK3377,ECK3371,trpS,b3386;b3387;b3388;b3390,aroK;damX;rpe;dam
asd,NA,asd,b3433,ECK3419,ECK3419,asd,b3433,asd
asnS,asnSp,asnS,b0930,ECK0921,ECK0921,asnS,b0930,asnS
bamA,bamAp1,bamA,b0177,ECK0176,ECK0176,bamA,b0177,bamA
bamA-hlpA-lpxD-fabZ-lpxAB-rnhB-dnaE,bamAp2,dnaE;rnhB;lpxB;lpxA;fabZ;lpxD;skp;bamA,b0184;b0183;b0182;b0181;b0180;b0179;b0178;b0177,ECK0183;ECK0182;ECK0181;ECK0180;ECK0179;ECK0178;ECK0177;ECK0176,ECK0183;ECK0181;ECK0180;ECK0179;ECK0178;ECK0176,fabZ;lpxA;lpxB;lpxD;bamA;dnaE,b0180;b0178;b0177,fabZ;skp;bamA
bamB-der,bamBp,der;bamB,b2511;b2512,ECK2507;ECK2508,ECK2507,der,b2511,der
bamD,bamDp1,bamD,b2595,ECK2593,ECK2593,bamD,b2595,bamD
bamD,bamDp2,bamD,b2595,ECK2593,ECK2593,bamD,b2595,bamD
btuB-murI,btuBp,murI;btuB,b3967;b3966,ECK3959;ECK3958,ECK3959,murI,b3966,btuB
can,canp,can,b0126,ECK0125,ECK0125,can,b0126,can
can,canp2,can,b0126,ECK0125,ECK0125,can,b0126,can
cmk-rpsA,cmkp,rpsA;cmk,b0911;b0910,ECK0902;ECK0901,ECK0902,rpsA,b0911,rpsA
cysS,cysSp,cysS,b0526,ECK0519,ECK0519,cysS,b0526,cysS
dam-rpe-gph-trpS,damp2,trpS;gph;rpe;dam,b3384;b3385;b3386;b3387,ECK3371;ECK3372;ECK3373;ECK3374,ECK3371,trpS,b3386;b3387,rpe;dam
dam-rpe-gph-trpS,damp1,trpS;gph;rpe;dam,b3384;b3385;b3386;b3387,ECK3371;ECK3372;ECK3373;ECK3374,ECK3371,trpS,b3386;b3387,rpe;dam
damX-dam-rpe-gph-trpS,damXp,trpS;gph;rpe;dam;damX,b3384;b3385;b3386;b3387;b3388,ECK3371;ECK3372;ECK3373;ECK3374;ECK3375,ECK3371,trpS,b3386;b3387;b3388,damX;rpe;dam
dapA-nlpB,dapAp,bamC;dapA,b2477;b2478,ECK2473;ECK2474,ECK2474,dapA,b2478,dapA
def-fmt,defp,def;fmt,b3287;b3288,ECK3273;ECK3274,ECK3273;ECK3274,def;fmt,b3287,def
dfp,dfpp,dfp,b3639,ECK3629,ECK3629,dfp,b3639,dfp
dnaX,dnaXp,dnaX,b0470,ECK0464,ECK0464,dnaX,b0470,dnaX
dxr-uppS-cdsA,NA,cdsA;ispU;dxr,b0175;b0174;b0173,ECK0174;ECK0173;ECK0172,ECK0174;ECK0173;ECK0172,cdsA;dxr;ispU,b0173,dxr
eno,enop4,eno,b2779,ECK2773,ECK2773,eno,b2779,eno
eno,enop8,eno,b2779,ECK2773,ECK2773,eno,b2779,eno
eno,enop2,eno,b2779,ECK2773,ECK2773,eno,b2779,eno
eno,enop7,eno,b2779,ECK2773,ECK2773,eno,b2779,eno
eno,enop1,eno,b2779,ECK2773,ECK2773,eno,b2779,eno
eno,enop6,eno,b2779,ECK2773,ECK2773,eno,b2779,eno
eno,enop3,eno,b2779,ECK2773,ECK2773,eno,b2779,eno
eno,enop5,eno,b2779,ECK2773,ECK2773,eno,b2779,eno
epd-pgk,epdp,pgk;epd,b2926;b2927,ECK2922;ECK2923,ECK2922,pgk,b2926,pgk
epd-pgk,epdp2,pgk;epd,b2926;b2927,ECK2922;ECK2923,ECK2922,pgk,b2926,pgk
epd-pgk-fbaA,epdp,fbaA;pgk;epd,b2925;b2926;b2927,ECK2921;ECK2922;ECK2923,ECK2921;ECK2922,pgk;fbaA,b2926,pgk
epd-pgk-fbaA,epdp2,fbaA;pgk;epd,b2925;b2926;b2927,ECK2921;ECK2922;ECK2923,ECK2921;ECK2922,pgk;fbaA,b2926,pgk
erpA,erpAp,erpA,b0156,ECK0155,ECK0155,erpA,b0156,erpA
fabDG-acpP,NA,acpP;fabG;fabD,b1094;b1093;b1092,ECK1080;ECK1079;ECK1078,ECK1080;ECK1079;ECK1078,fabD;fabG;acpP,b1094,acpP
fabG-acpP,NA,acpP;fabG,b1094;b1093,ECK1080;ECK1079,ECK1080;ECK1079,fabG;acpP,b1094,acpP
fabZ,NA,fabZ,b0180,ECK0179,ECK0179,fabZ,b0180,fabZ
fldA-uof-fur,fldAp,uof;fur;fldA,b4637;b0683;b0684,ECK4461;ECK0671;ECK0672,ECK0672,fldA,b0683;b0684,fur;fldA
folA,folAp,folA,b0048,ECK0049,ECK0049,folA,b0048,folA
folC-dedD,NA,folC;dedD,b2315;b2314,ECK2309;ECK2308,ECK2309,folC,b2315,folC
folD-ybcJ,folDp,folD;ybcJ,b0529;b0528,ECK0522;ECK0521,ECK0522,folD,b0529,folD
folE-yeiB,folEp,folE;yeiB,b2153;b2152,ECK2146;ECK2145,ECK2146,folE,b2153,folE
frr,frrp,frr,b0172,ECK0171,ECK0171,frr,b0172,frr
ftsLIO-murEF-mraY-murD-ftsW-murGC-ddlB-ftsQAZ-lpxC,ftsLp1,ftsO;lpxC;ftsZ;ftsA;ftsQ;ddlB;murC;murG;ftsW;murD;mraY;murF;murE;ftsI;ftsL,b4810;b0096;b0095;b0094;b0093;b0092;b0091;b0090;b0089;b0088;b0087;b0086;b0085;b0084;b0083,ECK4667;ECK0097;ECK0096;ECK0095;ECK0094;ECK0093;ECK0092;ECK0091;ECK0090;ECK0089;ECK0088;ECK0087;ECK0086;ECK0085;ECK0084,ECK0097;ECK0096;ECK0095;ECK0094;ECK0092;ECK0091;ECK0090;ECK0089;ECK0088;ECK0087;ECK0086;ECK0085;ECK0084,murE;ftsI;lpxC;murF;ftsL;ftsQ;ftsA;ftsZ;ftsW;murC;mraY;murG;murD,b0096;b0091,lpxC;murC
ftsLIO-murEF-mraY-murD-ftsW-murGC-ddlB-ftsQAZ-lpxC,ftsLp2,ftsO;lpxC;ftsZ;ftsA;ftsQ;ddlB;murC;murG;ftsW;murD;mraY;murF;murE;ftsI;ftsL,b4810;b0096;b0095;b0094;b0093;b0092;b0091;b0090;b0089;b0088;b0087;b0086;b0085;b0084;b0083,ECK4667;ECK0097;ECK0096;ECK0095;ECK0094;ECK0093;ECK0092;ECK0091;ECK0090;ECK0089;ECK0088;ECK0087;ECK0086;ECK0085;ECK0084,ECK0097;ECK0096;ECK0095;ECK0094;ECK0092;ECK0091;ECK0090;ECK0089;ECK0088;ECK0087;ECK0086;ECK0085;ECK0084,murE;ftsI;lpxC;murF;ftsL;ftsQ;ftsA;ftsZ;ftsW;murC;mraY;murG;murD,b0096;b0091,lpxC;murC
ftsYEX,NA,ftsX;ftsE;ftsY,b3462;b3463;b3464,ECK3446;ECK3447;ECK3448,ECK3448,ftsY,b3464,ftsY
fusA-tufA,fusAp,tufA;fusA,b3339;b3340,ECK3326;ECK3327,ECK3327,fusA,b3339,tufA
glmUS,glmUp1,glmS;glmU,b3729;b3730,ECK3722;ECK3723,ECK3722;ECK3723,glmU;glmS,b3730,glmU
glmUS,glmUp2,glmS;glmU,b3729;b3730,ECK3722;ECK3723,ECK3722;ECK3723,glmU;glmS,b3730,glmU
gltX,gltXp1,gltX,b2400,ECK2394,ECK2394,gltX,b2400,gltX
gltX,gltXp2,gltX,b2400,ECK2394,ECK2394,gltX,b2400,gltX
gltX,gltXp3,gltX,b2400,ECK2394,ECK2394,gltX,b2400,gltX
glyQS,glyQp,glyS;glyQ,b3559;b3560,ECK3547;ECK3548,ECK3548,glyQ,b3560,glyQ
gmk,gmkp,gmk,b3648,ECK3638,ECK3638,gmk,b3648,gmk
groSL,groSp2,groL;groS,b4143;b4142,ECK4137;ECK4136,ECK4136,groS,b4143,groL
groSL,groSp,groL;groS,b4143;b4142,ECK4137;ECK4136,ECK4136,groS,b4143,groL
grpE,grpEp,grpE,b2614,ECK2610,ECK2610,grpE,b2614,grpE
gyrB,gyrBp,gyrB,b3699,ECK3691,ECK3691,gyrB,b3699,gyrB
gyrB,gyrBp2,gyrB,b3699,ECK3691,ECK3691,gyrB,b3699,gyrB
hemA,hemAp2,hemA,b1210,ECK1198,ECK1198,hemA,b1210,hemA
hemA-prfA-prmC,hemAp1,prmC;prfA;hemA,b1212;b1211;b1210,ECK1200;ECK1199;ECK1198,ECK1200;ECK1199;ECK1198,hemA;prfA;prmC,b1210,hemA
hemB,hemBp,hemB,b0369,ECK0366,ECK0366,hemB,b0369,hemB
hemCDXY,NA,hemY;hemX;hemD;hemC,b3802;b3803;b3804;b3805,ECK3796;ECK3797;ECK3798;ECK3799,ECK3798;ECK3799,hemC;hemD,b3805,hemC
hemH,hemHp,hemH,b0475,ECK0469,ECK0469,hemH,b0475,hemH
hemL,hemLp1,hemL,b0154,ECK0153,ECK0153,hemL,b0154,hemL
hemL,hemLp2,hemL,b0154,ECK0153,ECK0153,hemL,b0154,hemL
hemL,hemLp,hemL,b0154,ECK0153,ECK0153,hemL,b0154,hemL
hisS,hisSp,hisS,b2514,ECK2510,ECK2510,hisS,b2514,hisS
hlpA-lpxD-fabZ-lpxA,hlpAp,lpxA;fabZ;lpxD;skp,b0181;b0180;b0179;b0178,ECK0180;ECK0179;ECK0178;ECK0177,ECK0180;ECK0179;ECK0178,fabZ;lpxA;lpxD,b0180;b0178,fabZ;skp
htrG-cca,ygiMp2,cca;ygiM,b3056;b3055,ECK3046;ECK3045,ECK3046,cca,b3056;b3055,ygiM;cca
ibaG-murA,ibaGp1,murA;ibaG,b3189;b3190,ECK3178;ECK3179,ECK3178,murA,b3189;b3190,murA;ibaG
igaA,NA,igaA,b3398,ECK3385,ECK3385,igaA,b3398,igaA
ileS-lspA-fkpB-ispH,ileSp2,ispH;fkpB;lspA;ileS,b0029;b0028;b0027;b0026,ECK0030;ECK0029;ECK0028;ECK0027,ECK0030;ECK0028,lspA;ispH,b0028,fkpB
ileS-lspA-fkpB-ispH,ileSp3,ispH;fkpB;lspA;ileS,b0029;b0028;b0027;b0026,ECK0030;ECK0029;ECK0028;ECK0027,ECK0030;ECK0028,lspA;ispH,b0028,fkpB
ileS-lspA-fkpB-ispH,ileSp1,ispH;fkpB;lspA;ileS,b0029;b0028;b0027;b0026,ECK0030;ECK0029;ECK0028;ECK0027,ECK0030;ECK0028,lspA;ispH,b0028,fkpB
infA,infAp1,infA,b0884,ECK0875,ECK0875,infA,b0884,infA
infA,infAp2,infA,b0884,ECK0875,ECK0875,infA,b0884,infA
infA-serW,NA,serW;infA,b0883;b0884,ECK0874;ECK0875,ECK0875,infA,b0883;b0884,infA;serW
infC-rpmI-rplT,infCp2,rplT;rpmI;infC,b1716;b1717;b1718,ECK1714;ECK1715;ECK1716,ECK1714;ECK1716,infC;rplT,b1716;b1717,rpmI;rplT
ispB,NA,ispB,b3187,ECK3176,ECK3176,ispB,b3187,ispB
kdtA-coaD,waaAp1,waaA;coaD,b3633;b3634,ECK3623;ECK3624,ECK3623;ECK3624,coaD;waaA,b3633,waaA
leuS-lptE-holA-nadD-cobC,NA,leuS;lptE;holA;nadD;cobC,b0642;b0641;b0640;b0639;b0638,ECK0635;ECK0634;ECK0633;ECK0632;ECK0631,ECK0635;ECK0634;ECK0633;ECK0632,nadD;lptE;leuS;holA,b0642,leuS
lexA-dinF,lexAp,lexA;dinF,b4043;b4044,ECK4035;ECK4036,ECK4035,lexA,b4043,lexA
lgt,lgtp,lgt,b2828,ECK2824,ECK2824,lgt,b2828,lgt
lgt-thyA,lgtp,thyA;lgt,b2827;b2828,ECK2823;ECK2824,ECK2824,lgt,b2828,lgt
lolA-rarA,lolAp,rarA;lolA,b0892;b0891,ECK0883;ECK0882,ECK0882,lolA,b0891,lolA
lolB-ispE-prs,lolBp,prs;ispE;lolB,b1207;b1208;b1209,ECK1195;ECK1196;ECK1197,ECK1195;ECK1196;ECK1197,prs;lolB;ispE,b1209,lolB
lolCDE,NA,lolE;lolD;lolC,b1118;b1117;b1116,ECK1104;ECK1103;ECK1102,ECK1104;ECK1103;ECK1102,lolE;lolD;lolC,b1116,lolC
lpxC,lpxCp1,lpxC,b0096,ECK0097,ECK0097,lpxC,b0096,lpxC
lpxC,lpxCp2,lpxC,b0096,ECK0097,ECK0097,lpxC,b0096,lpxC
lsp-fkpB-ispH,lspAp,ispH;fkpB;lspA,b0029;b0028;b0027,ECK0030;ECK0029;ECK0028,ECK0030;ECK0028,lspA;ispH,b0028,fkpB
map-glnD-dapD,NA,map;glnD;dapD,b0168;b0167;b0166,ECK0166;ECK0165;ECK0164,ECK0166;ECK0164,map;dapD,b0168,map
metG,metGp1,metG,b2114,ECK2107,ECK2107,metG,b2114,metG
metG,metGp2,metG,b2114,ECK2107,ECK2107,metG,b2114,metG
metK,metKp2,metK,b2942,ECK2937,ECK2937,metK,b2942,metK
metK,metKp,metK,b2942,ECK2937,ECK2937,metK,b2942,metK
metY-yhbC-nusA-infB,metYp1,infB;nusA;rimP;metY,b3168;b3169;b3170;b3171,ECK3157;ECK3158;ECK3159;ECK3160,ECK3157;ECK3158,infB;nusA,b3170,rimP
metY-yhbC-nusA-infB-rbfA-truB-rpsO-pnp,metYp1,pnp;rpsO;truB;rbfA;infB;nusA;rimP;metY,b3164;b3165;b3166;b3167;b3168;b3169;b3170;b3171,ECK3152;ECK3154;ECK3155;ECK3156;ECK3157;ECK3158;ECK3159;ECK3160,ECK3157;ECK3158,infB;nusA,b3164;b3165;b3167;b3170,rimP;rpsO;rbfA;pnp
metY-yhbC-nusA-infB-rbfA-truB-rpsO-pnp,metYp2,pnp;rpsO;truB;rbfA;infB;nusA;rimP;metY,b3164;b3165;b3166;b3167;b3168;b3169;b3170;b3171,ECK3152;ECK3154;ECK3155;ECK3156;ECK3157;ECK3158;ECK3159;ECK3160,ECK3157;ECK3158,infB;nusA,b3164;b3165;b3167;b3170,rimP;rpsO;rbfA;pnp
mraZW-ftsLIO-murEF-mraY-murD-ftsW-murGC-ddlB-ftsQAZ-lpxC,mraZp,ftsO;lpxC;ftsZ;ftsA;ftsQ;ddlB;murC;murG;ftsW;murD;mraY;murF;murE;ftsI;ftsL;rsmH;mraZ,b4810;b0096;b0095;b0094;b0093;b0092;b0091;b0090;b0089;b0088;b0087;b0086;b0085;b0084;b0083;b0082;b0081,ECK4667;ECK0097;ECK0096;ECK0095;ECK0094;ECK0093;ECK0092;ECK0091;ECK0090;ECK0089;ECK0088;ECK0087;ECK0086;ECK0085;ECK0084;ECK0083;ECK0082,ECK0097;ECK0096;ECK0095;ECK0094;ECK0092;ECK0091;ECK0090;ECK0089;ECK0088;ECK0087;ECK0086;ECK0085;ECK0084,murE;ftsI;lpxC;murF;ftsL;ftsQ;ftsA;ftsZ;ftsW;murC;mraY;murG;murD,b0096;b0091,lpxC;murC
mreBCD,mreBp2,mreD;mreC;mreB,b3249;b3250;b3251,ECK3237;ECK3238;ECK3239,ECK3237;ECK3238;ECK3239,mreC;mreD;mreB,b3250,mreC
mreBCD,mreBp3,mreD;mreC;mreB,b3249;b3250;b3251,ECK3237;ECK3238;ECK3239,ECK3237;ECK3238;ECK3239,mreC;mreD;mreB,b3250,mreC
mreBCD,mreBp1,mreD;mreC;mreB,b3249;b3250;b3251,ECK3237;ECK3238;ECK3239,ECK3237;ECK3238;ECK3239,mreC;mreD;mreB,b3250,mreC
mreCD,mreCp,mreD;mreC,b3249;b3250,ECK3237;ECK3238,ECK3237;ECK3238,mreC;mreD,b3250,mreC
murA,NA,murA,b3189,ECK3178,ECK3178,murA,b3189,murA
murB-birA,NA,birA;murB,b3973;b3972,ECK3965;ECK3964,ECK3965;ECK3964,birA;murB,b3972,murB
murJ,NA,murJ,b1069,ECK1054,ECK1054,murJ,b1069,murJ
nadE,nadEp,nadE,b1740,ECK1738,ECK1738,nadE,b1740,nadE
nadK,NA,nadK,b2615,ECK2611,ECK2611,nadK,b2615,nadK
nrdAB-yfaE,nrdAp,yfaE;nrdA;nrdB,b2236;b2234;b2235,ECK2228;ECK2226;ECK2227,ECK2226;ECK2227,nrdA;nrdB,b2235,nrdB
nrdR-ribDE-nusB-thiL-pgpA,nrdRp,pgpA;thiL;nusB;ribE;ribD;nrdR,b0418;b0417;b0416;b0415;b0414;b0413,ECK0412;ECK0411;ECK0410;ECK0409;ECK0408;ECK0407,ECK0411;ECK0409;ECK0408,ribE;ribD;thiL,b0417;b0415;b0413,ribE;nrdR;thiL
nudF-yqiB-cpdA-yqiA-parE,NA,nudF;yqiB;cpdA;yqiA;parE,b3034;b3033;b3032;b3031;b3030,ECK3025;ECK3024;ECK3023;ECK3022;ECK3021,ECK3021,parE,b3034;b3032,nudF;cpdA
pabC-mltG-tmk-holB-ycfH,NA,ycfH;holB;tmk;mltG;pabC,b1100;b1099;b1098;b1097;b1096,ECK1086;ECK1085;ECK1084;ECK1083;ECK1082,ECK1085;ECK1084,tmk;holB,b1096,pabC
pdxH-tyrS-pdxY,pdxHp,pdxY;tyrS;pdxH,b1636;b1637;b1638,ECK1632;ECK1633;ECK1634,ECK1633,tyrS,b1636;b1637;b1638,pdxH;tyrS;pdxY
pepQ-yigZ-trkH-hemG,pepQp,hemG;trkH;yigZ;pepQ,b3850;b3849;b3848;b3847,ECK3842;ECK3841;ECK3840;ECK3839,ECK3842,hemG,b3850;b3847,hemG;pepQ
pgk,pgkp2,pgk,b2926,ECK2922,ECK2922,pgk,b2926,pgk
pgk,pgkp3,pgk,b2926,ECK2922,ECK2922,pgk,b2926,pgk
pgk,pgkp1,pgk,b2926,ECK2922,ECK2922,pgk,b2926,pgk
pgk-fbaA,pgkp1,fbaA;pgk,b2925;b2926,ECK2921;ECK2922,ECK2921;ECK2922,pgk;fbaA,b2926,pgk
pgk-fbaA,pgkp3,fbaA;pgk,b2925;b2926,ECK2921;ECK2922,ECK2921;ECK2922,pgk;fbaA,b2926,pgk
pgk-fbaA,pgkp2,fbaA;pgk,b2925;b2926,ECK2921;ECK2922,ECK2921;ECK2922,pgk;fbaA,b2926,pgk
pheMST-ihfA,pheMp,ihfA;pheM;pheT;pheS,b1712;b1715;b1713;b1714,ECK1710;ECK1713;ECK1711;ECK1712,ECK1711;ECK1712,pheS;pheT,b1715;b1714,pheM;pheS
plsB,plsBp2,plsB,b4041,ECK4033,ECK4033,plsB,b4041,plsB
plsB,plsBp1,plsB,b4041,ECK4033,ECK4033,plsB,b4041,plsB
plsC,NA,plsC,b3018,ECK3009,ECK3009,plsC,b3018,plsC
plsX-fabHDG,plsXp,fabG;fabD;fabH;plsX,b1093;b1092;b1091;b1090,ECK1079;ECK1078;ECK1077;ECK1076,ECK1079;ECK1078,fabD;fabG,b1090,plsX
ppA,ppap,ppa,b4226,ECK4222,ECK4222,ppa,b4226,ppa
ppiB-lpxH,NA,ppiB;lpxH,b0525;b0524,ECK0518;ECK0517,ECK0517,lpxH,b0525,ppiB
proS,proSp,proS,b0194,ECK0194,ECK0194,proS,b0194,proS
psd-mscM,psdp,mscM;psd,b4159;b4160,ECK4155;ECK4156,ECK4156,psd,b4160,psd
pth-ychF,pthp,ychF;pth,b1203;b1204,ECK1191;ECK1192,ECK1192,pth,b1203;b1204,pth;ychF
pyrG-eno,pyrGp1,eno;pyrG,b2779;b2780,ECK2773;ECK2774,ECK2773;ECK2774,pyrG;eno,b2779;b2780,pyrG;eno
pyrG-eno,pyrGp,eno;pyrG,b2779;b2780,ECK2773;ECK2774,ECK2773;ECK2774,pyrG;eno,b2779;b2780,pyrG;eno
pyrG-eno,pyrGp2,eno;pyrG,b2779;b2780,ECK2773;ECK2774,ECK2773;ECK2774,pyrG;eno,b2779;b2780,pyrG;eno
pyrH,pyrHp,pyrH,b0171,ECK0170,ECK0170,pyrH,b0171,pyrH
ribA,ribAp2,ribA,b1277,ECK1272,ECK1272,ribA,b1277,ribA
ribA,ribAp1,ribA,b1277,ECK1272,ECK1272,ribA,b1277,ribA
ribE-nusB-thiL-pgpA,ribEp,pgpA;thiL;nusB;ribE,b0418;b0417;b0416;b0415,ECK0412;ECK0411;ECK0410;ECK0409,ECK0411;ECK0409,ribE;thiL,b0417;b0415,ribE;thiL
ribF-ileS-lspA-fkpB-ispH,ribFp,ribF;ileS;lspA;fkpB;ispH,b0025;b0026;b0027;b0028;b0029,ECK0026;ECK0027;ECK0028;ECK0029;ECK0030,ECK0026;ECK0028;ECK0030,ribF;lspA;ispH,b0028,fkpB
rimP-nusA-infB,rimPp,rimP;infB;nusA,b3170;b3168;b3169,ECK3159;ECK3157;ECK3158,ECK3157;ECK3158,infB;nusA,b3170,rimP
rlmE-ftsH,rlmEp1,ftsH;rlmE,b3178;b3179,ECK3167;ECK3168,ECK3167,ftsH,b3178;b3179,ftsH;rlmE
rlmE-ftsH,rlmEp2,ftsH;rlmE,b3178;b3179,ECK3167;ECK3168,ECK3167,ftsH,b3178;b3179,ftsH;rlmE
rpe-gph-trpS,rpep,trpS;gph;rpe,b3384;b3385;b3386,ECK3371;ECK3372;ECK3373,ECK3371,trpS,b3386,rpe
rplJL-rpoBC,rplJp,rplJ;rplL;rpoB;rpoC,b3985;b3986;b3987;b3988,ECK3976;ECK3977;ECK3978;ECK3979,ECK3976;ECK3977;ECK3978;ECK3979,rplL;rplJ;rpoB;rpoC,b3986,rplL
rplKAJL-rpoBC,rplKp,rpoC;rpoB;rplL;rplJ;rplA;rplK,b3988;b3987;b3986;b3985;b3984;b3983,ECK3979;ECK3978;ECK3977;ECK3976;ECK3975;ECK3974,ECK3979;ECK3978;ECK3977;ECK3976,rplL;rplJ;rpoB;rpoC,b3986,rplL
rplL,rplLp,rplL,b3986,ECK3977,ECK3977,rplL,b3986,rplL
rplNXE-rpsNH-rplFR-rpsE-rpmD-rplO-secY-rpmJ,rplNp,rpmJ;secY;rplO;rpmD;rpsE;rplR;rplF;rpsH;rpsN;rplE;rplX;rplN,b3299;b3300;b3301;b3302;b3303;b3304;b3305;b3306;b3307;b3308;b3309;b3310,ECK3286;ECK3287;ECK3288;ECK3289;ECK3290;ECK3291;ECK3292;ECK3293;ECK3294;ECK3295;ECK3296;ECK3297,ECK3287;ECK3288;ECK3289;ECK3290;ECK3291;ECK3292;ECK3293;ECK3294;ECK3295;ECK3296;ECK3297,rplO;rpsN;rpsH;rplX;rplE;rpsE;rplN;rpmD;rplF;rplR;secY,b3310,rplN
rplT,rplTp,rplT,b1716,ECK1714,ECK1714,rplT,b1716,rplT
rplT-pheM,rplTp,pheM;rplT,b1715;b1716,ECK1713;ECK1714,ECK1714,rplT,b1715;b1716,rplT;pheM
rplU-rpmA-yhbE-obgE,rplUp,obgE;yhbE;rpmA;rplU,b3183;b3184;b3185;b3186,ECK3172;ECK3173;ECK3174;ECK3175,ECK3172;ECK3174;ECK3175,rpmA;rplU;obgE,b3184,yhbE
rpmBG,rpmBp,rpmG;rpmB,b3636;b3637,ECK3626;ECK3627,ECK3627,rpmB,b3637,rpmB
rpmBG-mutM,rpmBp,mutM;rpmG;rpmB,b3635;b3636;b3637,ECK3625;ECK3626;ECK3627,ECK3627,rpmB,b3635;b3637,rpmB;mutM
rpmF-plsX-fabHDG,rpmFp,fabG;fabD;fabH;plsX;rpmF,b1093;b1092;b1091;b1090;b1089,ECK1079;ECK1078;ECK1077;ECK1076;ECK1075,ECK1079;ECK1078,fabD;fabG,b1090,plsX
rpmH-rnpA,rpmHp2,rnpA;rpmH,b3704;b3703,ECK3696;ECK3695,ECK3696;ECK3695,rpmH;rnpA,b3703,rpmH
rpmH-rnpA,rpmHp3,rnpA;rpmH,b3704;b3703,ECK3696;ECK3695,ECK3696;ECK3695,rpmH;rnpA,b3703,rpmH
rpmH-rnpA,rpmHp1,rpmH;rnpA,b3703;b3704,ECK3695;ECK3696,ECK3695;ECK3696,rpmH;rnpA,b3703,rpmH
rpmI-rplT,rpmIp,rplT;rpmI,b1716;b1717,ECK1714;ECK1715,ECK1714,rplT,b1716;b1717,rpmI;rplT
rpoH,rpoHp3,rpoH,b3461,ECK3445,ECK3445,rpoH,b3461,rpoH
rpoH,rpoHp4,rpoH,b3461,ECK3445,ECK3445,rpoH,b3461,rpoH
rpoH,rpoHp6,rpoH,b3461,ECK3445,ECK3445,rpoH,b3461,rpoH
rpoH,rpoHp1,rpoH,b3461,ECK3445,ECK3445,rpoH,b3461,rpoH
rpoH,rpoHp5,rpoH,b3461,ECK3445,ECK3445,rpoH,b3461,rpoH
rpoH,rpoHp2,rpoH,b3461,ECK3445,ECK3445,rpoH,b3461,rpoH
rpsA-ihfB,rpsAp1,ihfB;rpsA,b0912;b0911,ECK0903;ECK0902,ECK0902,rpsA,b0911,rpsA
rpsA-ihfB,rpsAp3,ihfB;rpsA,b0912;b0911,ECK0903;ECK0902,ECK0902,rpsA,b0911,rpsA
rpsB-tsf,rpsBp,tff;rpsB;tsf,b4414;b0169;b0170,ECK0167;ECK0168;ECK0169,ECK0168;ECK0169,tsf;rpsB,b0169;b0170,tsf;rpsB
rpsJ-rplCDWB-rpsS-rplV-rpsC-rplP-rpmC-rpsQ,rpsJp,rpsQ;rpmC;rplP;rpsC;rplV;rpsS;rplB;rplW;rplD;rplC;rpsJ,b3311;b3312;b3313;b3314;b3315;b3316;b3317;b3318;b3319;b3320;b3321,ECK3298;ECK3299;ECK3300;ECK3301;ECK3302;ECK3303;ECK3304;ECK3305;ECK3306;ECK3307;ECK3308,ECK3298;ECK3299;ECK3300;ECK3301;ECK3302;ECK3303;ECK3304;ECK3305;ECK3306;ECK3307;ECK3308,rpsJ;rplW;rplD;rpsQ;rplP;rpmC;rplB;rplV;rplC;rpsS;rpsC,b3321,rpsJ
rpsLG-fusA-tufA,rpsLp,tufA;fusA;rpsG;rpsL,b3339;b3340;b3341;b3342,ECK3326;ECK3327;ECK3328;ECK3329,ECK3327;ECK3328;ECK3329,fusA;rpsG;rpsL,b3339;b3341;b3342,tufA;rpsG;rpsL
rpsMKD-rpoA-rplQ,rpsMp2,rplQ;rpoA;rpsD;rpsK;rpsM,b3294;b3295;b3296;b3297;b3298,ECK3281;ECK3282;ECK3283;ECK3284;ECK3285,ECK3281;ECK3282;ECK3283;ECK3284;ECK3285,rpsM;rpsD;rpsK;rplQ;rpoA,b3298,rpsM
rpsMKD-rpoA-rplQ,rpsMp1,rpsK;rpsD;rpoA;rplQ;rpsM,b3297;b3296;b3295;b3294;b3298,ECK3284;ECK3283;ECK3282;ECK3281;ECK3285,ECK3284;ECK3283;ECK3282;ECK3281;ECK3285,rpsM;rpsD;rpsK;rplQ;rpoA,b3298,rpsM
rpsP-rimM-trmD-rplS,rpsPp,rplS;trmD;rimM;rpsP,b2606;b2607;b2608;b2609,ECK2603;ECK2604;ECK2605;ECK2606,ECK2603;ECK2604;ECK2606,rpsP;rplS;trmD,b2609,rpsP
rsfS-rlmH-mrdAB-rlpA,rsfSp,rsfS;rlmH;mrdA;mrdB;rlpA,b0637;b0636;b0635;b0634;b0633,ECK0630;ECK0629;ECK0628;ECK0627;ECK0626,ECK0628;ECK0627,mrdA;mrdB,b0637,rsfS
rsmH-ftsLIO-murEF-mraY-murD-ftsW-murGC-ddlB-ftsQAZ-lpxC,rsmHp1,ftsO;lpxC;ftsZ;ftsA;ftsQ;ddlB;murC;murG;ftsW;murD;mraY;murF;murE;ftsI;ftsL;rsmH,b4810;b0096;b0095;b0094;b0093;b0092;b0091;b0090;b0089;b0088;b0087;b0086;b0085;b0084;b0083;b0082,ECK4667;ECK0097;ECK0096;ECK0095;ECK0094;ECK0093;ECK0092;ECK0091;ECK0090;ECK0089;ECK0088;ECK0087;ECK0086;ECK0085;ECK0084;ECK0083,ECK0097;ECK0096;ECK0095;ECK0094;ECK0092;ECK0091;ECK0090;ECK0089;ECK0088;ECK0087;ECK0086;ECK0085;ECK0084,murE;ftsI;lpxC;murF;ftsL;ftsQ;ftsA;ftsZ;ftsW;murC;mraY;murG;murD,b0096;b0091,lpxC;murC
secB-gpsA,secBp,secB;gpsA,b3609;b3608,ECK3599;ECK3598,ECK3598,gpsA,b3609,secB
secE-nusG,secEp,secE;nusG,b3981;b3982,ECK3972;ECK3973,ECK3972;ECK3973,nusG;secE,b3981,secE
secMA-mutT,NA,mutT;secA;secM,b0099;b0098;b0097,ECK0100;ECK0099;ECK0098,ECK0099,secA,b0099;b0098;b0097,secM;mutT;secA
smtA-mukFEB,cmoMp,mukB;mukE;mukF;cmoM,b0924;b0923;b0922;b0921,ECK0915;ECK0914;ECK0913;ECK0912,ECK0915;ECK0914;ECK0913,mukF;mukB;mukE,b0921,cmoM
ssb,ssbp1,ssb,b4059,ECK4051,ECK4051,ssb,b4059,ssb
ssb,ssbp2,ssb,b4059,ECK4051,ECK4051,ssb,b4059,ssb
ssb,ssbp3,ssb,b4059,ECK4051,ECK4051,ssb,b4059,ssb
thrS-infC-rpmI-rplT-pheMST-ihfA,thrSp,ihfA;pheT;pheS;pheM;rplT;rpmI;infC;thrS,b1712;b1713;b1714;b1715;b1716;b1717;b1718;b1719,ECK1710;ECK1711;ECK1712;ECK1713;ECK1714;ECK1715;ECK1716;ECK1717,ECK1711;ECK1712;ECK1714;ECK1716;ECK1717,infC;rplT;thrS;pheS;pheT,b1714;b1715;b1716;b1717,rpmI;rplT;pheM;pheS
tilS,NA,tilS,b0188,ECK0187,ECK0187,tilS,b0188,tilS
tsaB-yeaY,tsaBp,tsaB;yeaY,b1807;b1806,ECK1805;ECK1804,ECK1805,tsaB,b1807,tsaB
tsaD,NA,tsaD,b3064,ECK3054,ECK3054,tsaD,b3064,tsaD
tsaE-amiB-mutL-miaA-hfq-hflXKC,tsaEp,hflC;hflK;hflX;hfq;miaA;mutL;amiB;tsaE,b4175;b4174;b4173;b4172;b4171;b4170;b4169;b4168,ECK4171;ECK4170;ECK4169;ECK4168;ECK4167;ECK4166;ECK4165;ECK4164,ECK4164,tsaE,b4172,hfq
tyrS-pdxY,tyrSp1,pdxY;tyrS,b1636;b1637,ECK1632;ECK1633,ECK1633,tyrS,b1636;b1637,tyrS;pdxY
tyrS-pdxY,tyrSp2,pdxY;tyrS,b1636;b1637,ECK1632;ECK1633,ECK1633,tyrS,b1636;b1637,tyrS;pdxY
ubiCA,ubiCp,ubiC;ubiA,b4039;b4040,ECK4031;ECK4032,ECK4032,ubiA,b4039,ubiC
waaA,waaAp2,waaA,b3633,ECK3623,ECK3623,waaA,b3633,waaA
waaA,waaAp1,waaA,b3633,ECK3623,ECK3623,waaA,b3633,waaA
xseB-ispA-dxs-yajO,xseBp,yajO;dxs;ispA;xseB,b0419;b0420;b0421;b0422,ECK0413;ECK0414;ECK0415;ECK0416,ECK0414;ECK0415,dxs;ispA,b0419;b0422,yajO;xseB
ybeZYX-lnt,ybeZp,lnt;ybeX;ybeY;ybeZ,b0657;b0658;b0659;b0660,ECK0649;ECK0650;ECK0651;ECK0652,ECK0649,lnt,b0660,ybeZ
ycaI-msbA-lpxK-ycaQ,NA,ycaQ;lpxK;msbA;ycaI,b0916;b0915;b0914;b0913,ECK0907;ECK0906;ECK0905;ECK0904,ECK0906;ECK0905,lpxK;msbA,b0913,ycaI
yibN-grxC-secB-gpsA,yibNp,grxC;yibN;gpsA;secB,b3610;b3611;b3608;b3609,ECK3600;ECK3601;ECK3598;ECK3599,ECK3598,gpsA,b3610;b3609,grxC;secB
yicR-rpmBG,yicRp,rpmG;rpmB;yicR,b3636;b3637;b3638,ECK3626;ECK3627;ECK3628,ECK3627,rpmB,b3637,rpmB
yicR-rpmBG-mutM,yicRp,mutM;rpmG;rpmB;yicR,b3635;b3636;b3637;b3638,ECK3625;ECK3626;ECK3627;ECK3628,ECK3627,rpmB,b3635;b3637,rpmB;mutM
yjeFE-amiB-mutL-miaA-hfq-hflXKC,yjeFp1,tsaE;nnr;amiB;mutL;miaA;hfq;hflX;hflK;hflC,b4168;b4167;b4169;b4170;b4171;b4172;b4173;b4174;b4175,ECK4164;ECK4163;ECK4165;ECK4166;ECK4167;ECK4168;ECK4169;ECK4170;ECK4171,ECK4164,tsaE,b4172,hfq
yjeFE-amiB-mutL-miaA-hfq-hflXKC,yjeFp2,hflC;hflK;hflX;hfq;miaA;mutL;amiB;tsaE;nnr,b4175;b4174;b4173;b4172;b4171;b4170;b4169;b4168;b4167,ECK4171;ECK4170;ECK4169;ECK4168;ECK4167;ECK4166;ECK4165;ECK4164;ECK4163,ECK4164,tsaE,b4172,hfq
yjeFE-amiB-mutL-miaA-hfq-hflXKC,yjeFp3,hflC;hflK;hflX;hfq;miaA;mutL;amiB;tsaE;nnr,b4175;b4174;b4173;b4172;b4171;b4170;b4169;b4168;b4167,ECK4171;ECK4170;ECK4169;ECK4168;ECK4167;ECK4166;ECK4165;ECK4164;ECK4163,ECK4164,tsaE,b4172,hfq
yrbG-kdsDC-lptCAB,yrbGp,lptB;lptA;lptC;kdsC;kdsD;yrbG,b3201;b3200;b3199;b3198;b3197;b3196,ECK3190;ECK3189;ECK3188;ECK3187;ECK3186;ECK3185,ECK3189,lptA,b3196,yrbG
